Target,Volume score,google trends,Close price to Google trends,Tweets compound score,Close price to Tweets compound score,Tweets polarity score,Close price to Tweets polarity score,Tweets subjectivity score,Tweets volume,Close price to Tweets volume,Reddit compound score,Close price to Reddit compound score,Reddit polarity score,Close price to Reddit polarity score,Reddit subjectivity score,Month,Flag
label,[],[],"[1, 2, 4, 5, 6, 7, 8, 9, 10, 11, 12, 13, 14, 15, 16, 17, 18, 19, 20, 21, 22, 23, 24, 25, 26, 27, 28, 29, 30, 31, 32, 33, 34, 35, 36, 37, 38, 39, 40, 41, 42, 44, 45, 46, 47, 48]","[2, 4, 5, 6, 7, 8, 9, 10, 11, 15, 16]","[4, 5, 6, 7, 8, 9, 10, 11, 12, 13, 14, 15, 16, 17, 18, 19, 20, 21, 22, 23, 24]",[],"[3, 4, 5, 6, 7, 8, 9, 10, 11, 12, 29]",[],[],[],[],[],[],[],[],1,1
returns,[],"[10, 11, 12, 13, 14, 15, 16, 17, 18, 19, 20, 21, 22, 23, 24, 25, 26, 27, 28, 29, 30, 31, 32, 33, 34, 35, 36, 37, 38, 39, 40, 41, 42, 43, 44, 45, 46, 47, 48]","[1, 2, 3, 4, 5, 6, 7, 8, 9, 10, 11, 12, 13, 14, 15, 16, 17, 18, 19, 20, 21, 22, 23, 24, 25, 26, 27, 28, 29, 30, 31, 32, 33, 34, 35, 36, 37, 38, 39, 40, 41, 42, 43, 44, 45, 46, 47, 48]",[],"[1, 2, 3, 4, 5, 6, 7, 8, 9, 10, 11, 12, 13, 14, 15, 16, 17, 18, 19, 20, 21, 22, 23, 24, 25, 26, 27, 28, 29, 30, 31, 32, 33, 34, 35, 36, 37, 38, 39, 40, 41, 42, 43, 44, 45, 46, 47, 48]",[],"[1, 2, 3, 4, 5, 6, 8, 10, 11, 12, 13]",[],[],[],[],[],[],[],[],1,1
label,[],[],"[1, 2, 3, 4, 5, 6, 7, 8, 9, 10, 11, 12, 13, 14, 17, 18, 19, 20, 21, 22, 23, 24, 25, 26, 27, 28, 29, 30, 31, 32, 33, 34, 35, 36, 37, 38, 39, 40, 41, 42, 43, 44, 45, 46, 47, 48]","[2, 6, 7, 8, 9, 10, 15, 16, 17, 18, 19]","[3, 4, 5, 6, 7, 8, 9, 10, 11, 12, 13, 14, 15, 17]",[],[],[5],"[8, 43, 44, 45, 46, 47, 48]",[],[],[],[],[],[],2,1
returns,[],"[1, 10, 11, 12, 13, 14, 15, 19, 21, 22, 23, 24, 25, 26, 27, 28, 29, 30, 31, 32, 33, 34, 36, 37, 38, 39, 40, 41, 42, 43, 44, 45, 46, 47, 48]","[1, 2, 3, 4, 5, 6, 7, 8, 9, 10, 11, 12, 13, 14, 15, 16, 17, 18, 19, 20, 21, 22, 23, 24, 25, 26, 27, 28, 29, 30, 31, 32, 33, 34, 35, 36, 37, 38, 39, 40, 41, 42, 43, 44, 45, 46, 47, 48]",[],"[1, 2, 3, 4, 5, 6, 7, 8, 9, 10, 11, 12, 13, 14, 15, 16, 17, 18, 19, 20, 21, 22, 23, 24, 25, 26, 27, 28, 29, 30, 31, 32, 33, 34, 35, 36, 37, 38, 39, 40, 41, 42, 43, 44, 45, 46, 47, 48]",[],"[1, 2, 3, 4, 5, 6, 7, 8, 9, 10, 11, 12, 13, 19, 20]","[3, 5]","[1, 11, 12, 13, 14, 27, 28, 29, 30, 31, 32, 33, 34, 35, 36, 37, 38, 39, 40, 41, 42, 43, 44]",[],[],[],[],[],[],2,1
label,[],"[10, 11, 12, 19]","[1, 4, 5, 6, 7, 20, 23, 24, 25, 26, 27, 28, 29, 30, 31, 32, 33, 34, 35, 36, 37, 38, 39, 40, 41, 42, 43, 44, 45, 46, 47, 48]",[],"[2, 3, 4, 5, 6, 7, 8, 9, 10, 11, 12, 13, 14, 15, 16, 17, 18, 19, 20, 21, 23]",[],[5],[],[],[],[],[],"[9, 10, 11, 12, 13, 14, 15]",[],[],3,1
returns,[],"[10, 11, 12, 13, 14, 15, 18, 19, 20, 21, 22, 23, 24, 25, 26, 27, 28, 29, 30, 31, 32, 33, 34, 35, 36, 37, 38, 39, 40, 41, 42, 43, 44, 45, 46, 47, 48]","[1, 2, 3, 4, 5, 6, 7, 8, 9, 10, 11, 12, 13, 14, 15, 16, 17, 18, 19, 20, 21, 22, 23, 24, 25, 26, 27, 28, 29, 30, 31, 32, 33, 34, 35, 36, 37, 38, 39, 40, 41, 42, 43, 44, 45, 46, 47, 48]",[],"[1, 2, 3, 4, 5, 6, 7, 8, 9, 10, 11, 12, 13, 14, 15, 16, 17, 18, 19, 20, 21, 22, 23, 24, 25, 26, 27, 28, 29, 30, 31, 32, 33, 34, 35, 36, 37, 38, 39, 40, 41, 42, 43, 44, 45, 46, 47, 48]",[],"[1, 2, 3, 4, 5, 6, 7, 8, 9, 10, 11, 12]",[],"[1, 11, 12, 28, 29, 30, 31, 32, 33, 34, 35, 36, 37, 38, 39, 40, 41, 42, 43, 44]",[],[],[],[],[],[],3,1
label,[],[10],"[1, 4, 5, 6, 7, 8, 9, 10, 11, 12, 15, 17, 18, 19, 20, 21, 22, 23, 24, 25, 26, 27, 28, 29, 30, 31, 32, 33, 34, 35, 36, 37, 38, 39, 40, 41, 42, 43, 44, 45, 46, 47, 48]","[3, 4]","[3, 4, 5, 6, 7, 8, 9, 10, 11, 12, 13, 14, 15, 16, 17, 18, 19, 20, 21, 22, 23, 24, 25, 28, 29]",[],[],[],[],[],"[3, 4, 5, 6, 7, 8, 9, 10, 11, 16, 19, 41, 42]",[],"[10, 11, 12, 13]",[],"[3, 4, 5, 6, 7, 8, 9, 10, 11, 16, 19, 41, 42]",4,1
returns,[],"[1, 10, 11, 12, 13, 14, 18, 19, 20, 21, 22, 23, 24, 25, 26, 27, 28, 29, 30, 31, 32, 33, 34, 35, 36, 37, 38, 39, 40, 41, 42, 43, 44, 45, 46, 47, 48]","[1, 2, 3, 4, 5, 6, 7, 8, 9, 10, 11, 12, 13, 14, 15, 16, 17, 18, 19, 20, 21, 22, 23, 24, 25, 26, 27, 28, 29, 30, 31, 32, 33, 34, 35, 36, 37, 38, 39, 40, 41, 42, 43, 44, 45, 46, 47, 48]",[],"[1, 2, 3, 4, 5, 6, 7, 8, 9, 10, 11, 12, 13, 14, 15, 16, 17, 18, 19, 20, 21, 22, 23, 24, 25, 26, 27, 28, 29, 30, 31, 32, 33, 34, 35, 36, 37, 38, 39, 40, 41, 42, 43, 44, 45, 46, 47, 48]",[],"[1, 2, 3, 4, 5, 6, 7, 8, 9, 10, 11, 12, 13, 14, 15, 16, 17, 18, 19, 20, 21, 22, 23, 24, 25, 26, 27, 28]",[],"[1, 28, 29, 30, 31, 32, 33, 34]",[],[],"[3, 4]",[],[],[],4,1
label,"[11, 12, 13, 14, 15, 16, 18, 20, 21, 22, 23, 24, 25, 26]",[10],"[3, 4, 5, 6, 7, 8]",[],"[1, 2, 3, 4, 5, 6, 7, 8, 9, 10, 11, 12, 13, 14, 15, 16, 17, 18, 19, 20, 21, 22, 23, 24, 25, 26, 27, 28, 29, 30, 31, 32, 36, 37, 38]",[],"[5, 6, 7, 8, 9, 10, 11]",[],[],[],"[3, 4, 5, 6, 7, 8, 9, 10]",[],"[7, 9, 10, 11, 13]",[],"[3, 4, 5, 6, 7, 8, 9, 10]",5,1
returns,"[1, 2, 3, 4, 5, 6, 11, 12, 13, 14, 15, 16, 17, 18, 19, 20, 21, 22, 23, 24, 25, 26, 27, 28, 29, 30, 31, 32, 33, 34, 35, 36, 37, 38, 39, 40, 41, 42, 43, 44, 45, 46, 47, 48]","[10, 11, 12, 13, 14, 15, 21, 22, 23, 24, 25, 26, 27, 28, 29, 30, 31, 32, 33, 34, 35, 36, 37, 38, 39, 40, 41, 42, 43, 44, 45, 46, 47, 48]","[1, 2, 3, 4, 5, 6, 7, 8, 9, 10, 11, 12, 13, 14, 15, 16, 17, 18, 19, 20, 21, 22, 23, 24, 25, 26, 27, 28, 29, 30, 31, 32, 33, 34, 35, 36, 37, 38, 39, 40, 41, 42, 43, 44, 45, 46, 47, 48]",[],"[1, 2, 3, 4, 5, 6, 7, 8, 9, 10, 11, 12, 13, 14, 15, 16, 17, 18, 19, 20, 21, 22, 23, 24, 25, 26, 27, 28, 29, 30, 31, 32, 33, 34, 35, 36, 37, 38, 39, 40, 41, 42, 43, 44, 45, 46, 47, 48]",[],"[1, 2, 3, 4, 5, 6, 7, 8, 9, 10, 11, 12, 13, 14, 15, 16, 17, 18, 19, 20, 21, 22]",[],[],[],[],[],[],[],[],5,1
label,"[4, 5, 6, 7, 8, 9, 10, 11, 12, 13, 14, 15, 16, 17, 18, 19, 20, 21, 22, 23, 24, 25, 26, 27, 28, 29, 30, 31, 32, 33, 34, 35, 36, 37, 38, 39, 40, 41, 42, 43, 44, 45, 46, 47, 48]","[10, 11, 12, 13, 14, 15, 16, 17, 18, 19, 22]","[1, 2, 3, 4, 5, 6, 7, 8, 9, 10, 11, 12, 13, 14, 15, 16, 17, 18, 19, 20, 21, 22, 23, 24, 25, 26, 27, 28, 29, 30, 31, 32, 33, 34, 35, 36, 37, 38, 39, 40, 41, 42, 44, 45, 46, 47, 48]",[],"[1, 2, 3, 4, 5, 6, 7, 8, 9, 10, 11, 12, 13, 14, 15, 16, 17, 18, 19, 20, 21, 22, 23, 24, 25, 26, 27, 28, 29, 30, 31, 32, 33, 34, 35, 36, 37, 38, 39, 40, 41, 42, 43, 44, 45, 46, 47, 48]",[4],"[1, 2, 3, 4, 5, 6, 7, 8, 9, 10, 11, 12, 13, 14, 15, 16, 17, 18, 19, 20, 21, 22, 23, 24, 25, 26, 27, 28, 29, 30]",[],[],[],[3],[],"[9, 10]",[2],[3],6,1
returns,"[2, 3, 12, 14, 15, 16, 18, 19, 20, 21, 22, 23, 24, 25, 26, 27, 28, 29, 30, 31, 32, 33, 34, 35, 36, 37, 38, 39, 40, 41, 42, 43, 44, 45, 46, 47, 48]","[2, 3, 4, 5, 6, 7, 8, 9, 10, 11, 12, 13, 14, 15, 16, 17, 18, 19, 20, 21, 22, 23, 24, 25, 26, 27, 28, 29, 30, 31, 32, 33, 34, 35, 36, 37, 38, 39, 40, 41, 42, 43, 44, 45, 46, 47, 48]","[1, 2, 3, 4, 5, 6, 7, 8, 9, 10, 11, 12, 13, 14, 15, 16, 17, 18, 19, 20, 21, 22, 23, 24, 25, 26, 27, 28, 29, 30, 31, 32, 33, 34, 35, 36, 37, 38, 39, 40, 41, 42, 43, 44, 45, 46, 47, 48]",[],"[1, 2, 3, 4, 5, 6, 7, 8, 9, 10, 11, 12, 13, 14, 15, 16, 17, 18, 19, 20, 21, 22, 23, 24, 25, 26, 27, 28, 29, 30, 31, 32, 33, 34, 35, 36, 37, 38, 39, 40, 41, 42, 43, 44, 45, 46, 47, 48]",[],"[1, 2, 3, 4, 5, 6, 7, 8, 9, 10, 11, 12, 13, 14, 15, 16, 17, 18, 19, 20, 21, 22, 23, 24, 25, 26, 27, 28, 29, 30, 31, 32, 33, 34, 35, 36, 39, 40, 41]",[],"[1, 30, 31, 32]",[],[],[5],[],[],[],6,1
,,,,,,,,,,,,,,,,,
,,,,,,,,,,,,,,,,,
ARIMA,Month,RMSE,,MAPE,,,,,,,,,,,,,
"ARIMA(11,1,24)",1,432.81,,0.009,,,,,,,,,,,,,
"ARIMA(10,1,10)",6,6324.78,,0.226,,,,,,,,,,,,,
LSTM ,,,,,,TImestep :24,,,,,,,,,,,
Timestep: 24,1,376.56,,0.006,,Timestep: 10,,,,,,,,,,,
Timestep:10,6,2724.83,,0.104,,,,,,,,,,,,,
,,,,,,,,,,,,,,,,,
Months,Features,Timestep,,Mean R2-Score,,,,,,,,,,,,,
1,Return,24,,-0.04579,,,,,,,,,,,,,
,Return,11,,-0.02826,,,,,,,,,,,,,
,"Return,Google Trends(lag 15)",11,,-0.0177,,,,,,,,,,,,,
6,Return,10,,-0.0695,,,,,,,,,,,,,
,Return,Jan-00,,-0.0034,,,,,,,,,,,,,
,"Return, Google Trends(lag 2)",15,,0.0065,,,,,,,,,,,,,
,"Return, Tweet Volume(lag 1)",15,,-0.0043,,,,,,,,,,,,,
,"Return, Google Trends(lag 2) Tweet Volume(lag 30)",15,,-0.0015,,,,,,,,,,,,,
,,,,,,,,,,,,,,,,,
,,,,,,,,,,,,,,,,,
Features,Model,Mean F1-score: Down,,Mean F1-score: Up,,Mean Accuracy,Timestep,,,,,,,,,,
"Label, Close Price",Random Forest Classifier,,,,,0.5238,15,,,,,,,,,,
,CNN,0.532670787,0.532670787,0.549654935,0.532670787,0.5413,15,,,,,,,,,,
,LSTM ,0.566523351,,0.536707779,,0.5524,15,,,,,,,,,,
,CNN-LSTM,0.381369851,,0.615790928,,0.5524,15,,,,,,,,,,
CNN,,,,,,,10,,,,,,,,,,
LSTM ,,,,,,,10,,,,,,,,,,
CNN-LSTM,,,,,,,10,,,,,,,,,,
,,,,,,,,,,,,,,,,,
,,,,,,,,,,,,,,,,,
Timestep,Features,F1-score: Down,,F1-score: Up,,Accuracy,,,,,,,,,,,
24,['Label' 'Close'],0.4568,,0.5654,,0.5179,,,,,,,,,,,
11,['Label' 'Close'],0.6202,,0.4618,,0.556,,,,,,,,,,,
11,['Label' 'Close' 'tw_score_lag'](Lag 3),0.6358,,0.5212,,0.5886,,,,,,,,,,,
11,['Label' 'Close' 'tw_score_lag'](Lag 15),0.6182,,0.5792,,0.6,,,,,,,,,,,
11,['Label' 'Close' 'tw_score_lag'](Lag 10),0.6387,,0.5547,,0.6014,,,,,,,,,,,
Timestep,,,,,,,,,,,,,,,,,
15,['Label' 'Close'],0.5665,,0.5367,,0.5523,,,,,,,,,,,
10,['Label' 'Close'],0.5445,,0.5723,,0.5589,,,,,,,,,,,
10,['Label' 'Close' 'google_trends_lag'],0.5504,,0.5708,,0.561,,,,,,,,,,,
10,['Label' 'Close' 'tw_polarity_lag'],0.5469,,0.5735,,0.5607,,,,,,,,,,,
10,['Label' 'Close' 'google_trends_lag' 'tw_polarity_lag'],0.5599,,0.5687,,0.5645,,,,,,,,,,,
10,['Label' 'Close' 're_co_lag' 're_po_lag' 're_su_lag'],0.5441,,0.5743,,0.5603,,,,,,,,,,,
10,['Label' 'Close' 're_co_lag' 're_po_lag' 're_su_lag' 'tw_polarity_lag'],0.5441,,0.5742,,0.5598,,,,,,,,,,,
10,['Label' 'Close' 're_co_lag' 're_po_lag' 're_su_lag' 'google_trends_lag'],0.558,,0.5632,,0.5612,,,,,,,,,,,
10,"['Label' 'Close' 're_co_lag' 're_po_lag' 're_su_lag' 'google_trends_lag'
 'tw_polarity_lag']",0.5519,0.564268114,0.5642,,0.5591,,,,,,,,,,,
