timestep,features,google_trends_lag,tweet_volume_lag,tweet_polarity_score_lag,batch_size,neurons,layers,mean_down_f1_score,mean_up_f1_score,mean_acc,min_acc,max_acc,diff_acc,optimizer,month,consecutive,actic_func
15,"['Label' 'Close' 'Volume' 'google_trends' 'google_trends_lag'
 'tweet_volume_lag' 'tw_polarity' 'tweet_volume']",10,28,15,200,32,1,0.598954789,0.542932443,0.573023256,0.562790698,0.58372093,0.020930233,adam,6,1,linear
15,"['Label' 'Close' 'Volume' 'google_trends_lag' 'tweet_volume_lag'
 'tw_polarity' 'tweet_volume']",10,28,15,200,32,1,0.60421281,0.534327815,0.572790698,0.559302326,0.589534884,0.030232558,adam,6,1,linear
15,"['Label' 'Close' 'Volume' 'google_trends_lag' 'tweet_volume_lag'
 'tw_polarity']",10,28,15,200,32,1,0.600640946,0.53279902,0.569767442,0.55,0.591860465,0.041860465,adam,6,1,linear
15,"['Label' 'Close' 'Volume' 'google_trends' 'google_trends_lag'
 'tweet_volume_lag' 'tw_polarity' 'tweet_volume']",10,28,15,200,32,1,0.606725551,0.522218371,0.569069767,0.559302326,0.58255814,0.023255814,adam,6,1,linear
15,"['Label' 'Close' 'Volume' 'google_trends_lag' 'tweet_volume_lag'
 'tw_polarity']",10,28,15,200,32,1,0.601885897,0.529058069,0.568604651,0.553488372,0.586046512,0.03255814,adam,6,1,linear
15,['Label' 'Close' 'Volume' 'google_trends' 'google_trends_lag'],10,28,15,200,32,1,0.586053511,0.54342416,0.56744186,0.552325581,0.576744186,0.024418605,adam,6,1,linear
15,"['Label' 'Close' 'Volume' 'google_trends' 'google_trends_lag'
 'tw_polarity']",10,28,15,200,32,1,0.597529003,0.527755134,0.566046512,0.553488372,0.575581395,0.022093023,adam,6,1,linear
15,"['Label' 'Close' 'Volume' 'google_trends' 'google_trends_lag'
 'tweet_volume_lag' 'tw_polarity_lag' 'tw_polarity']",10,28,15,200,32,1,0.607234504,0.513103856,0.566046512,0.556976744,0.580232558,0.023255814,adam,6,1,linear
15,['Label' 'Close' 'google_trends'],10,28,15,200,32,1,0.595051756,0.531215872,0.565813953,0.562790698,0.569767442,0.006976744,adam,6,1,linear
11,"['Label' 'Close' 'Volume' 'google_trends_lag' 'tweet_volume_lag'
 'tw_polarity' 'tweet_volume']",10,28,15,200,32,1,0.561295292,0.569394144,0.56562137,0.551684088,0.577235772,0.025551684,adam,6,1,linear
15,['Label' 'Close' 'google_trends_lag' 'tweet_volume_lag' 'tw_polarity'],10,28,15,200,32,1,0.604302602,0.516776556,0.565116279,0.563953488,0.56744186,0.003488372,adam,6,1,linear
15,"['Label' 'Close' 'google_trends' 'google_trends_lag' 'tweet_volume_lag'
 'tw_polarity' 'tweet_volume']",10,28,15,200,32,1,0.602874493,0.51286272,0.563255814,0.551162791,0.568604651,0.01744186,adam,6,1,linear
15,['Label' 'Close' 'google_trends' 'tweet_volume'],28,28,15,200,32,1,0.589266944,0.529431278,0.561860465,0.548837209,0.570930233,0.022093023,adam,6,1,linear
15,['Label' 'Close' 'google_trends' 'google_trends_lag' 'tw_polarity'],10,28,15,200,32,1,0.599414934,0.516166748,0.561860465,0.548837209,0.575581395,0.026744186,adam,6,1,linear
15,['Label' 'Close' 'google_trends' 'google_trends_lag'],10,28,15,200,32,1,0.587329001,0.529097989,0.561162791,0.55,0.579069767,0.029069767,adam,6,1,linear
11,"['Label' 'Close' 'Volume' 'google_trends_lag' 'tweet_volume_lag'
 'tw_polarity' 'tweet_volume']",10,28,15,200,32,1,0.556913241,0.564314942,0.56097561,0.544715447,0.571428571,0.026713124,adam,6,1,linear
11,"['Label' 'Close' 'Volume' 'google_trends_lag' 'tweet_volume_lag'
 'tw_polarity' 'tweet_volume']",10,28,15,200,32,1,0.548270914,0.571067595,0.560046458,0.544715447,0.585365854,0.040650407,adam,6,1,linear
12,"['Label' 'Close' 'Volume' 'google_trends_lag' 'tweet_volume_lag'
 'tw_polarity']",10,28,15,64,32,1,0.52379955,0.589024984,0.559349593,0.552845528,0.56445993,0.011614402,adam,,,
15,['Label' 'Close' 'google_trends_lag' 'tweet_volume_lag'],10,28,15,200,32,1,0.594630888,0.514708299,0.558372093,0.551162791,0.568604651,0.01744186,adam,6,1,linear
15,"['Label' 'Close' 'Volume' 'google_trends' 'google_trends_lag'
 'tweet_volume_lag' 'tw_polarity_lag' 'tw_polarity']",10,28,15,200,32,1,0.556492591,0.559485321,0.558188153,0.544715447,0.566782811,0.022067364,adam,6,1,linear
11,"['Label' 'Close' 'Volume' 'google_trends_lag' 'tweet_volume_lag'
 'tw_polarity']",10,28,15,64,32,1,0.511207672,0.589529049,0.557491289,0.534262485,0.574912892,0.040650407,,,,
15,['Label' 'Close' 'google_trends_lag'],28,28,15,200,32,1,0.600610874,0.502159864,0.557209302,0.543023256,0.569767442,0.026744186,adam,6,1,linear
11,"['Label' 'Close' 'Volume' 'google_trends_lag' 'tweet_volume_lag'
 'tw_polarity']",10,28,15,64,32,1,0.582507718,0.527769057,0.557026713,0.547038328,0.56562137,0.018583043,adam,,,
11,"['Label' 'Close' 'Volume' 'google_trends' 'google_trends_lag'
 'tweet_volume_lag' 'tw_polarity' 'tweet_volume']",10,28,15,200,32,1,0.549847712,0.562925405,0.556794425,0.545876887,0.577235772,0.031358885,adam,6,1,linear
12,"['Label' 'Close' 'Volume' 'google_trends_lag' 'tweet_volume_lag'
 'tw_polarity']",10,28,15,64,32,2,0.508467511,0.595812488,0.556678281,0.541231127,0.574912892,0.033681765,adam,,,
30,"['Label' 'Close' 'Volume' 'google_trends_lag' 'tweet_volume_lag'
 'tw_polarity']",10,28,15,200,32,1,0.544340807,0.567139812,0.556126021,0.542590432,0.564760793,0.022170362,adam,6,1,linear
12,"['Label' 'Close' 'Volume' 'google_trends_lag' 'tweet_volume_lag'
 'tw_polarity']",10,28,15,64,32,2,0.515771262,0.588379183,0.556097561,0.542392567,0.56445993,0.022067364,adam,,,
11,"['Label' 'Close' 'Volume' 'google_trends_lag' 'tweet_volume_lag'
 'tw_polarity']",10,28,15,64,32,2,0.537497187,0.56734058,0.555168409,0.538908246,0.570267131,0.031358885,rmsprop,,,
11,"['Label' 'Close' 'Volume' 'Change' 'google_trends_lag' 'tweet_volume_lag'
 'tw_polarity']",10,28,15,64,32,1,0.530328268,0.574833704,0.555052265,0.541231127,0.570267131,0.029036005,,,,
11,"['Label' 'Close' 'Volume' 'google_trends_lag' 'tweet_volume_lag'
 'tw_polarity']",10,28,15,64,32,2,0.574275645,0.532793805,0.555052265,0.535423926,0.569105691,0.033681765,adam,,,
15,['Label' 'Close' 'google_trends_lag' 'tweet_volume_lag'],28,28,15,200,32,1,0.591093974,0.507662749,0.553488372,0.539534884,0.562790698,0.023255814,adam,6,1,linear
11,"['Label' 'Close' 'Volume' 'google_trends_lag' 'tweet_volume_lag'
 'tw_polarity']",10,28,15,64,32,2,0.507431326,0.586841849,0.553426249,0.505226481,0.572590012,0.067363531,,,,
11,['Label' 'Close' 'Volume' 'google_trends_lag' 'tweet_volume_lag'],10,28,15,64,32,2,0.536100743,0.567321983,0.553310105,0.533101045,0.56445993,0.031358885,rmsprop,,,
15,['Label' 'Close' 'google_trends_lag'],10,28,15,200,32,1,0.5974752,0.496124275,0.553023256,0.540697674,0.56627907,0.025581395,adam,6,1,linear
11,"['Label' 'Close' 'Volume' 'google_trends_lag' 'tweet_volume_lag'
 'tw_polarity']",10,28,15,64,32,1,0.579415319,0.521589751,0.552497096,0.537746806,0.55981417,0.022067364,adam,,,
15,['Label' 'Close' 'Volume' 'google_trends_lag'],10,28,15,200,32,1,0.56346148,0.539412729,0.552148664,0.547038328,0.557491289,0.010452962,adam,6,1,linear
30,"['Label' 'Close' 'Volume' 'google_trends' 'google_trends_lag'
 'tweet_volume_lag' 'tw_polarity' 'tweet_volume']",10,28,15,200,32,1,0.544567259,0.558597209,0.551925321,0.542590432,0.562427071,0.019836639,adam,6,1,linear
15,['Label' 'Close' 'google_trends_lag'],10,28,15,200,32,1,0.562108192,0.540721584,0.551916376,0.547038328,0.557491289,0.010452962,adam,6,1,linear
12,"['Label' 'Close' 'Volume' 'google_trends_lag' 'tweet_volume_lag'
 'tw_polarity']",10,28,15,64,32,1,0.516709528,0.581690704,0.551800232,0.536585366,0.56329849,0.026713124,adam,,,
11,"['Label' 'Close' 'Volume' 'google_trends_lag' 'tweet_volume_lag'
 'tw_polarity']",10,28,15,200,32,2,0.538658195,0.561412093,0.551335656,0.533101045,0.56562137,0.032520325,<keras.optimizers.optimizer_v2.rmsprop.RMSprop object at 0x298b758b0>,,,
15,['Label' 'Close' 'volume_lag' 'google_trends_lag'],10,28,15,200,32,1,0.568933818,0.531932253,0.551219512,0.544715447,0.555168409,0.010452962,adam,6,1,linear
11,['Label' 'Close' 'Volume' 'google_trends_lag' 'tweet_volume_lag'],10,28,15,64,32,1,0.545319206,0.554766297,0.550522648,0.538908246,0.56213705,0.023228804,rmsprop,,,
11,['Label' 'Close' 'Volume' 'tweet_volume_lag'],10,28,15,64,32,1,0.551313906,0.547286224,0.550522648,0.542392567,0.569105691,0.026713124,rmsprop,,,
30,"['Label' 'Close' 'Volume' 'google_trends_lag' 'tweet_volume_lag'
 'tw_polarity' 'tweet_volume']",10,28,15,200,32,1,0.544203307,0.552573156,0.550291715,0.537922987,0.556592765,0.018669778,adam,6,1,linear
11,['Label' 'Close' 'google_trends_lag' 'tweet_volume_lag' 'tw_polarity'],10,28,15,100,32,2,0.539731767,0.5585791,0.550174216,0.530778165,0.56562137,0.034843206,,,,
11,"['Label' 'Close' 'Volume' 'google_trends_lag' 'tweet_volume_lag'
 'tw_polarity']",10,28,15,64,32,1,0.547936996,0.550225297,0.549593496,0.523809524,0.570267131,0.046457607,<keras.optimizers.optimizer_v2.rmsprop.RMSprop object at 0x298b758b0>,,,
11,"['Label' 'Close' 'Volume' 'google_trends_lag' 'tweet_volume_lag'
 'tw_polarity']",10,28,15,200,48,2,0.567297526,0.517783212,0.549593496,0.526132404,0.577235772,0.051103368,<keras.optimizers.optimizer_v2.rmsprop.RMSprop object at 0x2b3750a90>,6,1,
11,"['Label' 'Close' 'Volume' 'google_trends' 'google_trends_lag'
 'tweet_volume_lag' 'tweet_volume']",10,28,15,64,32,1,0.532300366,0.561310358,0.54912892,0.544715447,0.554006969,0.009291521,rmsprop,,,
11,"['Label' 'Close' 'Volume' 'Open' 'High' 'Low' 'Change' 'google_trends_lag'
 'tweet_volume_lag' 'tw_polarity']",10,28,15,200,48,1,0.567932234,0.521537126,0.54912892,0.533101045,0.56213705,0.029036005,<keras.optimizers.optimizer_v2.rmsprop.RMSprop object at 0x1772bd370>,6,1,
11,"['Label' 'Close' 'Volume' 'google_trends_lag' 'tweet_volume_lag'
 'tw_polarity']",10,28,15,200,32,1,0.543639146,0.550872079,0.548664344,0.535423926,0.573751452,0.038327526,<keras.optimizers.optimizer_v2.rmsprop.RMSprop object at 0x298b758b0>,,,
11,"['Label' 'Close' 'Volume' 'google_trends_lag' 'tweet_volume_lag'
 'tw_polarity']",10,28,15,200,32,1,0.540803265,0.5554902,0.5485482,0.541231127,0.55981417,0.018583043,adam,,,
11,"['Label' 'Close' 'Volume' 'google_trends_lag' 'tweet_volume_lag'
 'tw_polarity']",10,28,15,64,32,1,0.547794773,0.545297087,0.548199768,0.538908246,0.56213705,0.023228804,rmsprop,,,
11,"['Label' 'Close' 'Volume' 'google_trends_lag' 'tweet_volume_lag'
 'tw_polarity']",10,28,15,100,32,2,0.563757794,0.53094288,0.548083624,0.535423926,0.558652729,0.023228804,adam,,,
11,"['Label' 'Close' 'Volume' 'google_trends_lag' 'tweet_volume_lag'
 'tw_polarity']",10,28,15,64,32,1,0.578499249,0.511849883,0.54796748,0.524970964,0.56562137,0.040650407,adam,,,
11,"['Label' 'Close' 'Volume' 'Open' 'High' 'Low' 'Change' 'google_trends_lag'
 'tweet_volume_lag' 'tw_polarity']",10,28,15,200,48,2,0.537150741,0.53639175,0.54796748,0.529616725,0.558652729,0.029036005,<keras.optimizers.optimizer_v2.rmsprop.RMSprop object at 0x1772bd370>,6,1,
11,"['Label' 'Close' 'Volume' 'google_trends_lag' 'tweet_volume_lag'
 'tw_polarity']",10,28,15,64,32,2,0.55657392,0.535050053,0.547735192,0.530778165,0.567944251,0.037166086,rmsprop,,,
11,"['Label' 'Close' 'Volume' 'google_trends_lag' 'tweet_volume_lag'
 'tw_polarity']",10,28,15,64,32,1,0.525603018,0.566316491,0.547502904,0.544715447,0.549361208,0.004645761,rmsprop,,,
11,"['Label' 'Close' 'Volume' 'google_trends_lag' 'tweet_volume_lag'
 'tw_polarity']",10,28,15,80,32,1,0.558128628,0.534623793,0.547038328,0.528455285,0.557491289,0.029036005,adam,,,
15,['Label' 'Close' 'Volume' 'google_trends_lag'],10,28,15,200,32,1,0.54987896,0.543848542,0.547038328,0.540069686,0.550522648,0.010452962,adam,6,1,linear
11,"['Label' 'Close' 'Volume' 'google_trends' 'google_trends_lag'
 'tweet_volume_lag' 'tweet_volume']",10,28,15,64,32,1,0.518857371,0.566091955,0.546806039,0.537746806,0.556329849,0.018583043,rmsprop,,,
11,"['Label' 'Close' 'Volume' 'google_trends_lag' 'tweet_volume_lag'
 'tw_polarity']",10,28,15,64,32,2,0.571479345,0.518351228,0.546806039,0.536585366,0.55981417,0.023228804,adam,,,
11,"['Label' 'Close' 'Volume' 'google_trends_lag' 'tweet_volume_lag'
 'tw_polarity']",10,28,15,200,32,2,0.550878119,0.540601719,0.546341463,0.536585366,0.558652729,0.022067364,adam,,,
11,"['Label' 'Close' 'Volume' 'google_trends_lag' 'tweet_volume_lag'
 'tw_polarity' 'tweet_volume']",10,28,15,200,32,1,0.545851297,0.545449139,0.546341463,0.528455285,0.55981417,0.031358885,adam,6,1,relu
11,"['Label' 'Close' 'Volume' 'google_trends_lag' 'tweet_volume_lag'
 'tw_polarity']",10,28,15,64,32,2,0.583090231,0.501397337,0.546225319,0.530778165,0.56562137,0.034843206,adam,,,
11,['Label' 'Close' 'Volume' 'google_trends_lag' 'tweet_volume_lag'],19,28,15,64,32,1,0.566278999,0.520844446,0.546109175,0.536585366,0.556329849,0.019744483,rmsprop,,,
11,"['Label' 'Close' 'Volume' 'Change' 'google_trends_lag' 'tweet_volume_lag'
 'tw_polarity']",10,28,15,80,32,2,0.579442342,0.502691847,0.545993031,0.530778165,0.56213705,0.031358885,,,,
11,"['Label' 'Close' 'Volume' 'google_trends_lag' 'tweet_volume_lag'
 'tw_polarity']",10,28,15,64,32,2,0.519893106,0.562796943,0.545760743,0.516840883,0.566782811,0.049941928,rmsprop,,,
15,['Label' 'Close' 'tw_polarity'],28,28,15,200,32,1,0.584496041,0.497023913,0.545348837,0.53255814,0.562790698,0.030232558,adam,6,1,linear
11,"['Label' 'Close' 'Volume' 'Open' 'High' 'Low' 'Change' 'google_trends_lag'
 'tweet_volume_lag' 'tw_polarity']",10,28,15,64,48,1,0.477326887,0.59534454,0.545180023,0.527293844,0.56562137,0.038327526,<keras.optimizers.optimizer_v2.rmsprop.RMSprop object at 0x1772bd370>,6,1,
11,"['Label' 'Close' 'Volume' 'google_trends_lag' 'tweet_volume_lag'
 'tw_polarity' 'tweet_volume']",10,28,15,200,32,2,0.548285654,0.540753342,0.545180023,0.543554007,0.548199768,0.004645761,adam,6,1,linear
11,"['Label' 'Close' 'Volume' 'Change' 'google_trends_lag' 'tweet_volume_lag'
 'tw_polarity']",10,28,15,100,32,2,0.545443016,0.543088896,0.545063879,0.508710801,0.56562137,0.056910569,,,,
11,"['Label' 'Close' 'Volume' 'google_trends_lag' 'tweet_volume_lag'
 'tw_compound' 'tw_polarity']",10,28,15,64,32,2,0.480559529,0.586374184,0.544947735,0.520325203,0.55981417,0.039488966,rmsprop,,,
11,['Label' 'Close' 'Volume' 'tweet_volume_lag'],10,28,15,64,32,2,0.491071527,0.581107642,0.544947735,0.523809524,0.56097561,0.037166086,rmsprop,,,
11,"['Label' 'Close' 'Volume' 'google_trends_lag' 'tweet_volume_lag'
 're_compound' 're_polarity' 're_subjectivity']",10,28,15,64,32,2,0.450926095,0.610926392,0.544715447,0.527293844,0.55981417,0.032520325,rmsprop,,,
15,['Label' 'Close' 'tweet_volume_lag'],28,28,15,200,32,1,0.564953621,0.521790501,0.544418605,0.53255814,0.556976744,0.024418605,adam,6,1,linear
11,"['Label' 'Close' 'Volume' 'google_trends' 'google_trends_lag'
 'tweet_volume_lag' 'tweet_volume']",10,28,15,64,32,2,0.512535133,0.570352138,0.544250871,0.541231127,0.552845528,0.011614402,rmsprop,,,
15,['Label' 'Close' 'tw_polarity_lag'],10,28,15,200,32,1,0.568137529,0.516405714,0.543953488,0.540697674,0.545348837,0.004651163,adam,6,1,linear
15,"['Label' 'Close' 'Volume' 'google_trends' 'google_trends_lag'
 'tweet_volume_lag' 'tw_polarity_lag' 'tw_polarity']",10,28,15,200,32,1,0.520420636,0.564297962,0.543653251,0.530959752,0.560371517,0.029411765,adam,6,1,linear
10,"['Label' 'Close' 'Volume' 'google_trends_lag' 'tweet_volume_lag'
 'tw_polarity']",10,28,15,64,32,2,0.5062719,0.575231883,0.54361949,0.534802784,0.564965197,0.030162413,adam,,,
11,"['Label' 'Close' 'Volume' 'google_trends_lag' 'tweet_volume_lag'
 'tw_compound' 'tw_polarity']",10,28,15,64,32,1,0.563685497,0.515762035,0.543554007,0.529616725,0.56097561,0.031358885,rmsprop,,,
11,"['Label' 'Close' 'Volume' 'google_trends_lag' 'tweet_volume_lag'
 'tw_polarity']",10,28,15,100,32,1,0.551931051,0.534289094,0.543437863,0.524970964,0.555168409,0.030197445,adam,,,
11,['Label' 'Close' 'Volume' 'google_trends_lag'],10,28,15,64,32,1,0.555197988,0.529639874,0.543321719,0.534262485,0.56445993,0.030197445,rmsprop,,,
15,['Label' 'Close' 'tweet_volume'],28,28,15,200,32,1,0.573523196,0.507626042,0.543255814,0.534883721,0.554651163,0.019767442,adam,6,1,linear
5,['Label' 'Close' 'Volume' 'google_trends_lag' 'tweet_volume_lag'],19,1,15,64,32,1,0.54713097,0.537665681,0.543055556,0.532407407,0.552083333,0.019675926,rmsprop,,,
11,"['Label' 'Close' 'Volume' 'Change' 'google_trends_lag' 'tweet_volume_lag'
 'tw_polarity']",10,28,15,64,32,2,0.544612962,0.53535126,0.542624855,0.493612079,0.574912892,0.081300813,,,,
11,"['Label' 'Close' 'Volume' 'google_trends_lag' 'tweet_volume_lag'
 'tw_polarity']",10,28,15,64,32,1,0.55310737,0.524886111,0.541927991,0.520325203,0.566782811,0.046457607,rmsprop,,,
11,"['Label' 'Close' 'Volume' 'google_trends_lag' 'tweet_volume_lag'
 'tw_polarity']",10,28,15,80,32,2,0.563797062,0.515826677,0.541695703,0.526132404,0.551684088,0.025551684,adam,,,
1,"['Label' 'Close' 'Volume' 'google_trends_lag' 'tweet_volume_lag'
 'tw_polarity' 'tweet_volume']",10,28,15,200,32,2,0.533653706,0.549163846,0.541599073,0.538818076,0.544611819,0.005793743,adam,6,1,linear
15,['Label' 'Close'],10,28,15,200,32,1,0.570904643,0.506987888,0.541395349,0.529069767,0.551162791,0.022093023,adam,6,1,linear
11,"['Label' 'Close' 'Volume' 'google_trends' 'google_trends_lag'
 'tweet_volume_lag' 'tweet_volume']",10,28,15,64,32,2,0.494713538,0.576102442,0.540998839,0.529616725,0.558652729,0.029036005,rmsprop,,,
9,"['Label' 'Close' 'Volume' 'google_trends_lag' 'tweet_volume_lag'
 'tw_polarity']",10,28,15,64,32,1,0.515204184,0.563592148,0.540835267,0.531322506,0.552204176,0.020881671,adam,,,
11,['Label' 'Close' 'Volume' 're_compound' 're_polarity' 're_subjectivity'],10,28,15,64,32,2,0.474989748,0.59025896,0.540766551,0.524970964,0.56213705,0.037166086,rmsprop,,,
11,"['Label' 'Close' 'Volume' 'google_trends_lag' 'tweet_volume_lag'
 'tw_polarity']",10,28,15,64,32,2,0.523716485,0.551550982,0.540766551,0.522648084,0.572590012,0.049941928,<keras.optimizers.optimizer_v2.rmsprop.RMSprop object at 0x298b758b0>,,,
10,"['Label' 'Close' 'Volume' 'google_trends_lag' 'tweet_volume_lag'
 'tw_polarity']",10,28,15,64,32,1,0.505967828,0.570469105,0.540603248,0.533642691,0.548723898,0.015081206,adam,,,
11,['Label' 'Close' 'google_trends_lag' 'tweet_volume_lag' 'tw_polarity'],10,28,15,64,32,2,0.51467729,0.555844445,0.540534262,0.513356562,0.56445993,0.051103368,,,,
15,"['Label' 'Close' 'Volume' 'google_trends' 'google_trends_lag'
 'tweet_volume_lag' 'tw_polarity' 'tweet_volume']",10,28,15,200,32,1,0.521558559,0.556132682,0.540232558,0.523255814,0.558139535,0.034883721,<keras.optimizers.optimizer_v2.rmsprop.RMSprop object at 0x17a59b310>,6,1,linear
11,['Label' 'Close' 'Volume' 'google_trends_lag' 'tweet_volume_lag'],19,28,15,64,32,2,0.537403676,0.537287257,0.540069686,0.530778165,0.547038328,0.016260163,rmsprop,,,
11,"['Label' 'Close' 'Volume' 'google_trends_lag' 'tweet_volume_lag'
 'tw_polarity' 'tweet_volume']",10,28,15,200,32,1,0.530019637,0.549272503,0.540069686,0.513356562,0.552845528,0.039488966,adam,6,1,relu
25,"['Label' 'Close' 'Volume' 'google_trends_lag' 'tweet_volume_lag'
 'tw_polarity' 'tweet_volume']",10,28,15,200,32,1,0.561217033,0.514354278,0.53986014,0.531468531,0.551282051,0.01981352,adam,6,1,linear
5,['Label' 'Close' 'Volume' 'google_trends_lag' 'tweet_volume_lag'],19,1,15,64,32,2,0.552428658,0.524956386,0.539814815,0.533564815,0.553240741,0.019675926,rmsprop,,,
11,"['Label' 'Close' 'Volume' 'google_trends_lag' 'tweet_volume_lag'
 'tw_polarity']",10,28,15,100,32,2,0.547734879,0.528705739,0.539140534,0.516840883,0.56329849,0.046457607,<keras.optimizers.optimizer_v2.rmsprop.RMSprop object at 0x298b758b0>,,,
11,['Label' 'Close' 'google_trends_lag' 'tweet_volume_lag' 'tw_polarity'],10,28,15,64,32,2,0.492871074,0.573200478,0.53902439,0.514518002,0.555168409,0.040650407,,,,
11,"['Label' 'Close' 'Volume' 'google_trends_lag' 'tweet_volume_lag'
 'tw_polarity' 'tweet_volume']",10,28,15,200,48,1,0.542841914,0.534210248,0.538675958,0.530778165,0.548199768,0.017421603,adam,6,1,relu
11,"['Label' 'Close' 'Volume' 'google_trends_lag' 'tweet_volume_lag'
 'tw_polarity_lag']",10,28,15,64,32,1,0.544634257,0.527210312,0.538211382,0.533101045,0.541231127,0.008130081,rmsprop,,,
11,['Label' 'Close' 'google_trends_lag' 'tweet_volume_lag' 'tw_polarity'],10,28,15,64,32,1,0.532508557,0.538916027,0.538095238,0.520325203,0.566782811,0.046457607,,,,
11,['Label' 'Close' 'google_trends_lag' 'tweet_volume_lag' 'tw_polarity'],10,28,15,100,32,1,0.537120764,0.536969946,0.537746806,0.513356562,0.56097561,0.047619048,,,,
11,"['Label' 'Close' 'Volume' 'Open' 'High' 'Low' 'Change' 'google_trends_lag'
 'tweet_volume_lag' 'tw_polarity']",10,28,15,64,48,2,0.43718946,0.593151973,0.53728223,0.504065041,0.583042973,0.078977933,<keras.optimizers.optimizer_v2.rmsprop.RMSprop object at 0x1772bd370>,6,1,
15,['Label' 'Close' 'tweet_volume_lag' 'tweet_volume'],10,28,15,200,32,1,0.564793072,0.505220224,0.536976744,0.530232558,0.543023256,0.012790698,adam,6,1,linear
11,['Label' 'Close' 'google_trends_lag' 'tweet_volume_lag' 'tw_polarity'],10,28,15,80,32,2,0.548914212,0.521367268,0.536817654,0.505226481,0.555168409,0.049941928,,,,
11,"['Label' 'Close' 'Volume' 'Change' 'google_trends_lag' 'tweet_volume_lag'
 'tw_polarity']",10,28,15,100,32,1,0.548474647,0.517954994,0.53670151,0.519163763,0.557491289,0.038327526,,,,
11,['Label' 'Close' 'Volume' 'google_trends_lag' 'tweet_volume_lag'],19,1,15,64,32,1,0.515330269,0.555267833,0.536500579,0.530706837,0.544611819,0.013904983,rmsprop,,,
11,"['Label' 'Close' 'Volume' 'google_trends_lag' 'tweet_volume_lag'
 'tw_polarity']",10,28,15,100,32,1,0.553749787,0.514960744,0.536469222,0.514518002,0.55981417,0.045296167,<keras.optimizers.optimizer_v2.rmsprop.RMSprop object at 0x298b758b0>,,,
11,"['Label' 'Close' 'Volume' 'google_trends_lag' 'tweet_volume_lag'
 'tw_polarity']",10,28,15,80,32,2,0.553624749,0.514597001,0.536469222,0.518002323,0.549361208,0.031358885,<keras.optimizers.optimizer_v2.rmsprop.RMSprop object at 0x298b758b0>,,,
11,['Label' 'Close' 'Volume' 're_compound' 're_polarity' 're_subjectivity'],10,28,15,64,32,1,0.522491483,0.548834039,0.536353078,0.506387921,0.556329849,0.049941928,rmsprop,,,
11,['Label' 'Close' 'google_trends_lag' 'tweet_volume_lag' 'tw_polarity'],10,28,15,64,32,1,0.561048719,0.505469119,0.536236934,0.513356562,0.555168409,0.041811847,,,,
11,"['Label' 'Close' 'Volume' 'Change' 'google_trends_lag' 'tweet_volume_lag'
 'tw_polarity']",10,28,15,80,32,1,0.556798373,0.511565012,0.53612079,0.523809524,0.551684088,0.027874564,,,,
11,"['Label' 'Close' 'Volume' 'google_trends_lag' 'tweet_volume_lag'
 'tw_polarity']",10,28,15,80,32,1,0.569523979,0.49539198,0.53612079,0.512195122,0.56097561,0.048780488,<keras.optimizers.optimizer_v2.rmsprop.RMSprop object at 0x298b758b0>,,,
3,"['Label' 'Close' 'Volume' 'google_trends_lag' 'tweet_volume_lag'
 'tw_polarity' 'tweet_volume']",10,28,15,200,32,2,0.52238271,0.54818638,0.53580533,0.52838934,0.539976825,0.011587486,adam,6,1,linear
11,['Label' 'Close' 'Volume' 'google_trends_lag' 'tweet_volume_lag'],19,81,15,64,32,2,0.578956517,0.471106861,0.53560517,0.526439483,0.545240893,0.01880141,rmsprop,,,
24,['Label' 'Close' 'Volume' 'google_trends' 'tweet_volume'],10,10,15,64,32,1,0.566848204,0.449595657,0.535423926,0.505226481,0.552845528,0.047619048,rmsprop,,,
11,['Label' 'Close' 'Volume' 'google_trends_lag' 'tweet_volume_lag'],19,1,15,64,32,2,0.498576566,0.566562404,0.535341831,0.5202781,0.544611819,0.02433372,rmsprop,,,
11,"['Label' 'Close' 'Volume' 'Open' 'High' 'Low' 'Change' 'google_trends_lag'
 'tweet_volume_lag' 'tw_polarity']",10,28,15,64,48,2,0.415058034,0.613280189,0.534728033,0.523012552,0.542538354,0.019525802,<keras.optimizers.optimizer_v2.rmsprop.RMSprop object at 0x1772bd370>,5,1,
11,['Label' 'Close' 'Volume' 'google_trends_lag'],10,28,15,64,32,2,0.469814978,0.574680131,0.533565621,0.524970964,0.544715447,0.019744483,rmsprop,,,
11,['Label' 'Close' 'google_trends_lag' 'tweet_volume_lag' 'tw_polarity'],10,28,15,80,32,1,0.551286852,0.513094021,0.533565621,0.5029036,0.552845528,0.049941928,,,,
9,"['Label' 'Close' 'Volume' 'google_trends_lag' 'tweet_volume_lag'
 'tw_polarity']",10,28,15,64,32,2,0.478802746,0.577184191,0.533410673,0.52900232,0.540603248,0.011600928,adam,,,
11,"['Label' 'Close' 'Volume' 'google_trends_lag' 'tweet_volume_lag'
 'tw_polarity']",10,28,15,200,48,1,0.549101273,0.511258831,0.532868757,0.508710801,0.56562137,0.056910569,<keras.optimizers.optimizer_v2.rmsprop.RMSprop object at 0x2b3750a90>,6,1,
11,"['Label' 'Close' 'Volume' 'Open' 'High' 'Low' 'Change' 'google_trends_lag'
 'tweet_volume_lag' 'tw_polarity']",10,28,15,200,48,2,0.364016597,0.627006239,0.532496513,0.524407252,0.545327755,0.020920502,<keras.optimizers.optimizer_v2.rmsprop.RMSprop object at 0x1772bd370>,5,1,
11,['Label' 'Close' 'google_trends_lag' 'tweet_volume_lag' 'tw_polarity'],10,28,15,64,32,2,0.541544287,0.508915425,0.532171893,0.5029036,0.556329849,0.053426249,,,,
11,['Label' 'Close' 'Volume' 'google_trends_lag' 'tweet_volume_lag'],10,81,15,64,32,2,0.567734912,0.488652749,0.532079906,0.507638073,0.546415981,0.038777908,rmsprop,,,
11,"['Label' 'Close' 'Volume' 'google_trends_lag' 'tweet_volume_lag'
 'tw_polarity']",10,28,15,200,48,2,0.376108421,0.623951118,0.531938633,0.516039052,0.548117155,0.032078103,<keras.optimizers.optimizer_v2.rmsprop.RMSprop object at 0x2b3750a90>,5,1,
11,"['Label' 'Close' 'Volume' 'google_trends_lag' 'tweet_volume_lag'
 'tw_polarity']",10,28,15,200,48,2,0.480866859,0.55899246,0.531914894,0.496453901,0.560283688,0.063829787,<keras.optimizers.optimizer_v2.rmsprop.RMSprop object at 0x2b3750a90>,1,1,
1,"['Label' 'Close' 'Volume' 'google_trends_lag' 'tweet_volume_lag'
 'tw_polarity' 'tweet_volume']",10,28,15,200,32,1,0.542169211,0.520856341,0.531865585,0.522595597,0.543453071,0.020857474,adam,6,1,linear
11,"['Label' 'Close' 'Volume' 'google_trends_lag' 'tweet_volume_lag'
 'tw_polarity_lag' 'tw_compound' 'tw_polarity' 're_compound' 're_polarity'
 're_subjectivity']",10,28,15,64,32,2,0.398800915,0.611875427,0.531707317,0.520325203,0.549361208,0.029036005,rmsprop,,,
3,"['Label' 'Close' 'Volume' 'google_trends_lag' 'tweet_volume_lag'
 'tw_polarity' 'tweet_volume']",10,28,15,200,32,1,0.529136756,0.533916803,0.531633835,0.52838934,0.536500579,0.00811124,adam,6,1,linear
5,['Label' 'Close' 'Volume' 'google_trends_lag' 'tweet_volume_lag'],10,81,15,64,32,1,0.612512763,0.407131492,0.531455399,0.519953052,0.538732394,0.018779343,rmsprop,,,
11,"['Label' 'Close' 'Volume' 'google_trends_lag' 'tweet_volume_lag'
 're_compound' 're_polarity' 're_subjectivity']",10,28,15,64,32,1,0.474443634,0.572678341,0.530778165,0.520325203,0.541231127,0.020905923,rmsprop,,,
5,['Label' 'Close' 'Volume'],10,10,15,64,32,2,0.528810711,0.531245019,0.53017341,0.515606936,0.544508671,0.028901734,rmsprop,,,
14,"['Label' 'Close' 'Volume' 'google_trends_lag' 'tweet_volume_lag'
 'tw_polarity' 'tweet_volume']",10,28,15,200,32,1,0.545967592,0.511910565,0.529616725,0.523809524,0.535423926,0.011614402,adam,6,1,linear
11,['Label' 'Close' 'Volume' 'google_trends_lag' 'tweet_volume_lag'],10,81,15,64,32,1,0.553355426,0.501802559,0.529259694,0.507638073,0.545240893,0.03760282,rmsprop,,,
11,"['Label' 'Close' 'Volume' 'google_trends_lag' 'tweet_volume_lag'
 'tw_polarity']",10,28,15,64,32,2,0.504072,0.548707111,0.528947368,0.521671827,0.541795666,0.020123839,,,,
11,"['Label' 'Close' 'Volume' 'google_trends_lag' 'tweet_volume_lag'
 'tw_polarity']",10,28,15,200,48,1,0.480658775,0.565444427,0.528312413,0.518828452,0.536959554,0.018131102,<keras.optimizers.optimizer_v2.rmsprop.RMSprop object at 0x2b3750a90>,5,1,
5,['Label' 'Close' 'Volume' 'google_trends_lag' 'tweet_volume_lag'],19,81,15,64,32,2,0.63593058,0.323732345,0.528169014,0.522300469,0.541079812,0.018779343,rmsprop,,,
5,['Label' 'Close' 'Volume' 'google_trends_lag' 'tweet_volume_lag'],10,81,15,64,32,2,0.626208395,0.349709036,0.527934272,0.512910798,0.536384977,0.023474178,rmsprop,,,
5,['Label' 'Close' 'Volume' 'google_trends_lag' 'tweet_volume_lag'],19,81,15,64,32,1,0.618396357,0.377884955,0.527699531,0.522300469,0.541079812,0.018779343,rmsprop,,,
24,['Label' 'Close' 'Volume' 'google_trends_lag' 'tweet_volume_lag'],19,81,15,64,32,1,0.58700605,0.433396551,0.526886792,0.502358491,0.548349057,0.045990566,rmsprop,,,
11,"['Label' 'Close' 'Volume' 'google_trends_lag' 'tweet_volume_lag'
 'tw_polarity']",10,28,15,64,32,1,0.498379396,0.543229643,0.526780186,0.501547988,0.544891641,0.043343653,,,,
12,"['Label' 'Close' 'Volume' 'google_trends_lag' 'tweet_volume_lag'
 'tw_polarity']",10,28,15,64,32,1,0.639916379,0.295583998,0.52659698,0.512195122,0.554006969,0.041811847,rmsprop,,,
11,['Label' 'Close' 'Volume' 'google_trends' 'tweet_volume'],10,10,15,64,32,2,0.444450928,0.583380263,0.526388889,0.509259259,0.538194444,0.028935185,rmsprop,,,
11,"['Label' 'Close' 'Volume' 'google_trends_lag' 'tweet_volume_lag'
 'tw_polarity' 'tweet_volume']",10,28,15,200,32,2,0.534540854,0.517310152,0.526364692,0.508710801,0.541231127,0.032520325,adam,6,1,relu and linear
11,"['Label' 'Close' 'Volume' 'google_trends_lag' 'tweet_volume_lag'
 'tw_polarity']",10,28,15,200,48,1,0.550248218,0.439248972,0.526241135,0.496453901,0.567375887,0.070921986,<keras.optimizers.optimizer_v2.rmsprop.RMSprop object at 0x2b3750a90>,1,1,
11,['Label' 'Close' 'google_trends_lag' 'tweet_volume_lag' 'tw_polarity'],10,28,15,64,32,1,0.558957498,0.486780064,0.526132404,0.509872242,0.540069686,0.030197445,,,,
11,['Label' 'Close' 'Volume' 'google_trends_lag' 'tweet_volume_lag'],3,5,15,64,32,2,0.450067493,0.579668092,0.525462963,0.515046296,0.539351852,0.024305556,rmsprop,,,
12,"['Label' 'Close' 'Volume' 'google_trends_lag' 'tweet_volume_lag'
 'tw_polarity']",10,28,15,64,32,2,0.583310432,0.419291431,0.525203252,0.478513357,0.550522648,0.072009292,rmsprop,,,
11,"['Label' 'Close' 'Volume' 'google_trends_lag' 'tweet_volume_lag'
 'tw_polarity_lag' 'tw_compound' 'tw_polarity' 're_compound' 're_polarity'
 're_subjectivity']",10,28,15,64,32,1,0.416491727,0.593792574,0.524970964,0.504065041,0.540069686,0.036004646,rmsprop,,,
5,['Label' 'Close' 'Volume' 'google_trends_lag' 'tweet_volume_lag'],19,28,15,64,32,2,0.34396657,0.625860257,0.524217845,0.507531866,0.531865585,0.02433372,rmsprop,,,
11,"['Label' 'Close' 'Volume' 'Open' 'High' 'Low' 'Change' 'google_trends_lag'
 'tweet_volume_lag' 'tw_polarity']",10,28,15,200,48,2,0.468855224,0.556694274,0.523591549,0.50528169,0.540492958,0.035211268,<keras.optimizers.optimizer_v2.rmsprop.RMSprop object at 0x1772bd370>,4,1,
24,['Label' 'Close' 'Volume' 'google_trends' 'tweet_volume'],10,10,15,64,32,2,0.419288352,0.583071258,0.52311266,0.515679443,0.536585366,0.020905923,rmsprop,,,
24,['Label' 'Close' 'Volume'],10,10,15,64,32,1,0.465531699,0.55420199,0.522648084,0.464576074,0.547038328,0.082462253,rmsprop,,,
11,['Label' 'Close' 'Volume' 'google_trends_lag' 'tweet_volume_lag'],19,81,15,64,32,1,0.555711964,0.480609803,0.522209166,0.507638073,0.5346651,0.027027027,rmsprop,,,
24,['Label' 'Close' 'Volume'],10,10,15,64,32,2,0.499377867,0.5126964,0.522183508,0.483159117,0.566782811,0.083623693,rmsprop,,,
11,"['Label' 'Close' 'Volume' 'google_trends_lag' 'tweet_volume_lag'
 'tw_polarity']",10,30,15,64,32,1,0.408135986,0.597657667,0.522183508,0.514518002,0.531939605,0.017421603,rmsprop,,,
11,['Label' 'Close' 'Volume' 'google_trends_lag' 'tweet_volume_lag'],10,1,15,64,32,1,0.450360949,0.576178835,0.521990741,0.501157407,0.532407407,0.03125,rmsprop,,,
11,"['Label' 'Close' 'Volume' 'google_trends_lag' 'tweet_volume_lag'
 'tw_polarity']",10,28,15,200,48,2,0.484800327,0.544491857,0.521126761,0.50528169,0.545774648,0.040492958,<keras.optimizers.optimizer_v2.rmsprop.RMSprop object at 0x2b3750a90>,4,1,
14,"['Label' 'Close' 'Volume' 'google_trends_lag' 'tweet_volume_lag'
 'tw_polarity']",10,28,15,64,32,2,0.459412845,0.569319354,0.521022067,0.511033682,0.528455285,0.017421603,adam,,,
11,['Label' 'Close' 'Volume' 'google_trends' 'tweet_volume'],10,10,15,64,32,3,0.425901232,0.586098486,0.520601852,0.490740741,0.537037037,0.046296296,rmsprop,,,
24,['Label' 'Close' 'Volume' 'google_trends_lag' 'tweet_volume_lag'],10,81,15,64,32,2,0.526850834,0.494788453,0.520518868,0.503537736,0.537735849,0.034198113,rmsprop,,,
5,['Label' 'Close' 'Volume' 'google_trends_lag' 'tweet_volume_lag'],3,5,15,64,32,1,0.53339346,0.502415957,0.519768786,0.502890173,0.530635838,0.027745665,rmsprop,,,
5,['Label' 'Close' 'Volume'],10,10,15,64,32,3,0.52695404,0.510050752,0.519306358,0.499421965,0.536416185,0.03699422,rmsprop,,,
11,['Label' 'Close' 'Volume' 'google_trends_lag' 'tweet_volume_lag'],10,1,15,64,32,2,0.440988055,0.576132938,0.519212963,0.515046296,0.527777778,0.012731481,rmsprop,,,
14,"['Label' 'Close' 'Volume' 'google_trends_lag' 'tweet_volume_lag'
 'tw_polarity']",10,28,15,64,32,1,0.464466973,0.562725179,0.518931475,0.507549361,0.528455285,0.020905923,adam,,,
11,"['Label' 'Close' 'Volume' 'Open' 'High' 'Low' 'Change' 'google_trends_lag'
 'tweet_volume_lag' 'tw_polarity']",10,28,15,200,48,1,0.478565338,0.544325354,0.518661972,0.5,0.535211268,0.035211268,<keras.optimizers.optimizer_v2.rmsprop.RMSprop object at 0x1772bd370>,4,1,
24,['Label' 'Close' 'Volume' 'google_trends_lag' 'tweet_volume_lag'],10,28,15,64,32,1,0.488864328,0.520645126,0.518509895,0.480791618,0.551804424,0.071012806,rmsprop,,,
11,"['Label' 'Close' 'Volume' 'google_trends_lag' 'tweet_volume_lag'
 'tw_polarity' 'tweet_volume']",10,28,15,200,32,2,0.496235644,0.538791473,0.518466899,0.512195122,0.527293844,0.015098722,adam,6,1,relu
11,"['Label' 'Close' 'Volume' 'Open' 'High' 'Low' 'Change' 'google_trends_lag'
 'tweet_volume_lag' 'tw_polarity']",10,28,15,64,48,1,0.466976655,0.557593725,0.517991632,0.50069735,0.536959554,0.036262204,<keras.optimizers.optimizer_v2.rmsprop.RMSprop object at 0x1772bd370>,5,1,
5,['Label' 'Close' 'Volume' 'google_trends_lag' 'tweet_volume_lag'],10,28,15,64,32,1,0.372783695,0.603349365,0.517960603,0.50405562,0.531865585,0.027809965,rmsprop,,,
11,"['Label' 'Close' 'Volume' 'google_trends_lag' 'tweet_volume_lag'
 'tw_polarity']",10,28,15,200,48,1,0.484650047,0.544027907,0.517957746,0.507042254,0.531690141,0.024647887,<keras.optimizers.optimizer_v2.rmsprop.RMSprop object at 0x2b3750a90>,4,1,
11,"['Label' 'Close' 'Volume' 'Open' 'High' 'Low' 'Change' 'google_trends_lag'
 'tweet_volume_lag' 'tw_polarity']",10,28,15,200,48,1,0.542821009,0.474079609,0.517924528,0.497641509,0.530660377,0.033018868,<keras.optimizers.optimizer_v2.rmsprop.RMSprop object at 0x1772bd370>,3,1,
5,['Label' 'Close' 'Volume' 'google_trends_lag' 'tweet_volume_lag'],19,28,15,64,32,1,0.365234626,0.609737356,0.517497103,0.50405562,0.544611819,0.040556199,rmsprop,,,
24,['Label' 'Close' 'Volume' 'google_trends_lag' 'tweet_volume_lag'],10,81,15,64,32,1,0.519007778,0.48382646,0.51745283,0.491745283,0.536556604,0.044811321,rmsprop,,,
24,['Label' 'Close' 'Volume' 'google_trends_lag' 'tweet_volume_lag'],19,1,15,64,32,1,0.546857484,0.424001277,0.517305459,0.480836237,0.549361208,0.068524971,rmsprop,,,
20,"['Label' 'Close' 'Volume' 'google_trends_lag' 'tweet_volume_lag'
 'tw_polarity' 'tweet_volume']",10,28,15,200,32,1,0.539736148,0.491502237,0.517112922,0.507566938,0.529685681,0.022118743,adam,6,1,linear
11,['Label' 'Close' 'Volume' 'google_trends' 'tweet_volume'],10,10,15,64,32,1,0.450240948,0.566878149,0.516898148,0.502314815,0.538194444,0.03587963,rmsprop,,,
24,['Label' 'Close' 'Volume' 'google_trends_lag' 'tweet_volume_lag'],3,5,15,64,32,2,0.501018112,0.505273041,0.516840883,0.495934959,0.56213705,0.066202091,rmsprop,,,
5,['Label' 'Close' 'Volume' 'google_trends_lag' 'tweet_volume_lag'],10,1,15,64,32,1,0.581180809,0.423366026,0.516300578,0.486705202,0.531791908,0.045086705,rmsprop,,,
5,['Label' 'Close' 'Volume' 'google_trends_lag' 'tweet_volume_lag'],3,5,15,64,32,2,0.549812013,0.474052916,0.516300578,0.495953757,0.531791908,0.03583815,rmsprop,,,
11,['Label' 'Close' 'Volume'],10,10,15,64,32,1,0.434646237,0.575199608,0.515740741,0.49537037,0.545138889,0.049768519,rmsprop,,,
5,['Label' 'Close' 'Volume' 'google_trends_lag' 'tweet_volume_lag'],10,1,15,64,32,2,0.557526241,0.464141125,0.515606936,0.498265896,0.532947977,0.034682081,rmsprop,,,
11,['Label' 'Close' 'Volume' 'google_trends_lag' 'tweet_volume_lag'],3,5,15,64,32,1,0.465657758,0.555414816,0.515509259,0.5,0.530092593,0.030092593,rmsprop,,,
2,"['Label' 'Close' 'Volume' 'google_trends_lag' 'tweet_volume_lag'
 'tw_polarity' 'tweet_volume']",10,28,15,200,32,2,0.459790514,0.560593071,0.515411356,0.513325608,0.517960603,0.004634994,adam,6,1,linear
5,['Label' 'Close' 'Volume'],10,10,15,64,32,1,0.558572954,0.455793551,0.515375723,0.510982659,0.524855491,0.013872832,rmsprop,,,
11,"['Label' 'Close' 'Volume' 'google_trends_lag' 'tweet_volume_lag'
 'tw_polarity']",10,28,15,200,48,1,0.480613999,0.538328685,0.51509434,0.502358491,0.530660377,0.028301887,<keras.optimizers.optimizer_v2.rmsprop.RMSprop object at 0x2b3750a90>,3,1,
11,['Label' 'Close' 'Volume'],10,10,15,64,32,3,0.402576714,0.589231361,0.515046296,0.503472222,0.524305556,0.020833333,rmsprop,,,
24,['Label' 'Close' 'Volume' 'google_trends_lag' 'tweet_volume_lag'],19,81,15,64,32,2,0.505771196,0.508916239,0.514858491,0.492924528,0.529481132,0.036556604,rmsprop,,,
11,"['Label' 'Close' 'Volume' 'Open' 'High' 'Low' 'Change' 'google_trends_lag'
 'tweet_volume_lag' 'tw_polarity']",10,28,15,64,48,1,0.345282296,0.600089015,0.514788732,0.49471831,0.529929577,0.035211268,<keras.optimizers.optimizer_v2.rmsprop.RMSprop object at 0x1772bd370>,4,1,
13,"['Label' 'Close' 'Volume' 'google_trends' 'google_trends_lag'
 'tweet_volume_lag' 'tweet_volume']",10,28,15,64,32,2,0.340823053,0.606208727,0.514518002,0.509872242,0.522648084,0.012775842,rmsprop,,,
5,['Label' 'Close' 'Volume' 'google_trends_lag' 'tweet_volume_lag'],10,28,15,64,32,2,0.375922039,0.601837082,0.514252607,0.508690614,0.524913094,0.01622248,rmsprop,,,
2,"['Label' 'Close' 'Volume' 'google_trends_lag' 'tweet_volume_lag'
 'tw_polarity' 'tweet_volume']",10,28,15,200,32,1,0.477263003,0.545474731,0.513789108,0.508690614,0.516801854,0.00811124,adam,6,1,linear
11,"['Label' 'Close' 'Volume' 'Open' 'High' 'Low' 'Change' 'google_trends_lag'
 'tweet_volume_lag' 'tw_polarity']",10,28,15,200,48,2,0.47537693,0.542443978,0.513679245,0.507075472,0.528301887,0.021226415,<keras.optimizers.optimizer_v2.rmsprop.RMSprop object at 0x1772bd370>,3,1,
24,['Label' 'Close' 'Volume' 'google_trends_lag' 'tweet_volume_lag'],10,1,15,64,32,2,0.492141932,0.525763572,0.513124274,0.476190476,0.543554007,0.067363531,rmsprop,,,
11,"['Label' 'Close' 'Volume' 'google_trends_lag' 'tweet_volume_lag'
 'tw_polarity' 'tweet_volume']",10,28,15,200,32,2,0.513844777,0.510035139,0.512659698,0.50174216,0.528455285,0.026713124,adam,6,1,linear and relu
24,['Label' 'Close' 'Volume' 'google_trends_lag' 'tweet_volume_lag'],19,28,15,64,32,1,0.406146198,0.585393663,0.512456345,0.485448196,0.535506403,0.050058207,rmsprop,,,
11,"['Label' 'Close' 'Volume' 'Open' 'High' 'Low' 'Change' 'google_trends_lag'
 'tweet_volume_lag' 'tw_polarity']",10,28,15,200,48,1,0.40027713,0.562079543,0.512056738,0.482269504,0.546099291,0.063829787,<keras.optimizers.optimizer_v2.rmsprop.RMSprop object at 0x1772bd370>,1,1,
11,"['Label' 'Close' 'Volume' 'google_trends_lag' 'tweet_volume_lag'
 'tw_polarity']",10,30,15,64,32,2,0.382485341,0.59304904,0.511730546,0.504065041,0.520325203,0.016260163,rmsprop,,,
36,"['Label' 'Close' 'Volume' 'google_trends_lag' 'tweet_volume_lag'
 'tw_polarity' 'tweet_volume']",10,28,15,200,32,1,0.50596912,0.516729865,0.511682243,0.503504673,0.528037383,0.02453271,adam,6,1,linear
13,"['Label' 'Close' 'Volume' 'google_trends' 'google_trends_lag'
 'tweet_volume_lag' 'tweet_volume']",10,28,15,64,32,1,0.424910049,0.560010137,0.510801394,0.488966318,0.522648084,0.033681765,rmsprop,,,
11,"['Label' 'Close' 'Volume' 'Open' 'High' 'Low' 'Change' 'google_trends_lag'
 'tweet_volume_lag' 'tw_polarity']",10,28,15,200,48,1,0.408139351,0.580210518,0.510739191,0.49930265,0.525801953,0.026499303,<keras.optimizers.optimizer_v2.rmsprop.RMSprop object at 0x1772bd370>,5,1,
48,['Label' 'Close' 'Volume' 'google_trends' 'tweet_volume'],10,10,15,64,32,1,0.568366411,0.394401002,0.510385064,0.486581097,0.525087515,0.038506418,rmsprop,,,
11,"['Label' 'Close' 'Volume' 'google_trends_lag' 'tweet_volume_lag'
 'tw_polarity']",10,28,15,200,48,2,0.478758491,0.535093069,0.510377358,0.5,0.518867925,0.018867925,<keras.optimizers.optimizer_v2.rmsprop.RMSprop object at 0x2b3750a90>,3,1,
11,"['Label' 'Close' 'Volume' 'Open' 'High' 'Low' 'Change' 'google_trends_lag'
 'tweet_volume_lag' 'tw_polarity']",10,28,15,64,48,1,0.452428139,0.545598987,0.50990566,0.497641509,0.525943396,0.028301887,<keras.optimizers.optimizer_v2.rmsprop.RMSprop object at 0x1772bd370>,3,1,
24,['Label' 'Close' 'Volume' 'google_trends_lag' 'tweet_volume_lag'],19,28,15,64,32,2,0.430719271,0.437684687,0.509662398,0.491268917,0.529685681,0.038416764,rmsprop,,,
24,['Label' 'Close' 'Volume' 'google_trends_lag' 'tweet_volume_lag'],3,5,15,64,32,1,0.42320788,0.561902014,0.509639954,0.49941928,0.520325203,0.020905923,rmsprop,,,
11,"['Label' 'Close' 'Volume' 'google_trends_lag' 'tweet_volume_lag'
 'tw_polarity' 'tweet_volume']",10,28,15,200,48,2,0.474978273,0.537854825,0.509407666,0.50058072,0.516840883,0.016260163,adam,6,1,relu
24,['Label' 'Close' 'Volume' 'google_trends_lag' 'tweet_volume_lag'],19,1,15,64,32,2,0.561761013,0.338281152,0.508943089,0.479674797,0.536585366,0.056910569,rmsprop,,,
11,"['Label' 'Close' 'Volume' 'google_trends_lag' 'tweet_volume_lag'
 'tw_polarity']",10,28,15,200,48,1,0.341099289,0.598749797,0.506521739,0.485507246,0.536231884,0.050724638,<keras.optimizers.optimizer_v2.rmsprop.RMSprop object at 0x2b3750a90>,2,1,
11,['Label' 'Close' 'Volume'],10,10,15,64,32,2,0.380841931,0.584615435,0.504398148,0.482638889,0.523148148,0.040509259,rmsprop,,,
11,"['Label' 'Close' 'Volume' 'Open' 'High' 'Low' 'Change' 'google_trends_lag'
 'tweet_volume_lag' 'tw_polarity']",10,28,15,200,48,2,0.25007739,0.62747536,0.504347826,0.492753623,0.525362319,0.032608696,<keras.optimizers.optimizer_v2.rmsprop.RMSprop object at 0x1772bd370>,2,1,
11,"['Label' 'Close' 'Volume' 'Open' 'High' 'Low' 'Change' 'google_trends_lag'
 'tweet_volume_lag' 'tw_polarity']",10,28,15,64,48,2,0.507039805,0.477869811,0.503773585,0.483490566,0.535377358,0.051886792,<keras.optimizers.optimizer_v2.rmsprop.RMSprop object at 0x1772bd370>,3,1,
48,['Label' 'Close' 'Volume' 'google_trends' 'tweet_volume'],10,10,15,64,32,3,0.480329071,0.467079846,0.50361727,0.483080513,0.521586931,0.038506418,rmsprop,,,
11,"['Label' 'Close' 'Volume' 'Open' 'High' 'Low' 'Change' 'google_trends_lag'
 'tweet_volume_lag' 'tw_polarity']",10,28,15,64,48,1,0.338156573,0.594203292,0.502173913,0.474637681,0.528985507,0.054347826,<keras.optimizers.optimizer_v2.rmsprop.RMSprop object at 0x1772bd370>,2,1,
11,"['Label' 'Close' 'Volume' 'Open' 'High' 'Low' 'Change' 'google_trends_lag'
 'tweet_volume_lag' 'tw_polarity']",10,28,15,200,48,1,0.342018997,0.598812183,0.502173913,0.481884058,0.532608696,0.050724638,<keras.optimizers.optimizer_v2.rmsprop.RMSprop object at 0x1772bd370>,2,1,
24,['Label' 'Close' 'Volume'],10,10,15,64,32,3,0.385326646,0.542968445,0.501045296,0.475029036,0.516840883,0.041811847,rmsprop,,,
13,"['Label' 'Close' 'Volume' 'google_trends' 'google_trends_lag'
 'tweet_volume_lag' 'tweet_volume']",10,28,15,64,32,1,0.393761988,0.572268129,0.500813008,0.490127758,0.523809524,0.033681765,rmsprop,,,
11,"['Label' 'Close' 'Volume' 'Open' 'High' 'Low' 'Change' 'google_trends_lag'
 'tweet_volume_lag' 'tw_polarity']",10,28,15,200,48,2,0.415541139,0.482574643,0.50070922,0.489361702,0.517730496,0.028368794,<keras.optimizers.optimizer_v2.rmsprop.RMSprop object at 0x1772bd370>,1,1,
13,"['Label' 'Close' 'Volume' 'google_trends' 'google_trends_lag'
 'tweet_volume_lag' 'tweet_volume']",10,28,15,64,32,2,0.462398319,0.505871951,0.49941928,0.472706156,0.516840883,0.044134727,rmsprop,,,
11,"['Label' 'Close' 'Volume' 'Open' 'High' 'Low' 'Change' 'google_trends_lag'
 'tweet_volume_lag' 'tw_polarity']",10,28,15,64,48,2,0.638042891,0.180026959,0.49929078,0.475177305,0.517730496,0.042553191,<keras.optimizers.optimizer_v2.rmsprop.RMSprop object at 0x1772bd370>,1,1,
11,"['Label' 'Close' 'Volume' 'Open' 'High' 'Low' 'Change' 'google_trends_lag'
 'tweet_volume_lag' 'tw_polarity']",10,28,15,64,48,2,0.239519212,0.617081959,0.497535211,0.48943662,0.507042254,0.017605634,<keras.optimizers.optimizer_v2.rmsprop.RMSprop object at 0x1772bd370>,4,1,
24,['Label' 'Close' 'Volume' 'google_trends_lag' 'tweet_volume_lag'],10,28,15,64,32,2,0.496189618,0.419281545,0.497322468,0.479627474,0.509895227,0.030267753,rmsprop,,,
24,['Label' 'Close' 'Volume' 'google_trends' 'tweet_volume'],10,10,15,64,32,3,0.340295107,0.544617412,0.496399535,0.484320557,0.509872242,0.025551684,rmsprop,,,
11,"['Label' 'Close' 'Volume' 'Open' 'High' 'Low' 'Change' 'google_trends_lag'
 'tweet_volume_lag' 'tw_polarity']",10,28,15,64,48,2,0.287024464,0.601620965,0.494202899,0.467391304,0.536231884,0.06884058,<keras.optimizers.optimizer_v2.rmsprop.RMSprop object at 0x1772bd370>,2,1,
24,['Label' 'Close' 'Volume' 'google_trends_lag' 'tweet_volume_lag'],10,1,15,64,32,1,0.404578564,0.505821389,0.493612079,0.473867596,0.519163763,0.045296167,rmsprop,,,
48,['Label' 'Close' 'Volume' 'google_trends' 'tweet_volume'],10,10,15,64,32,2,0.459001377,0.493552214,0.489148191,0.476079347,0.504084014,0.028004667,rmsprop,,,
11,"['Label' 'Close' 'Volume' 'google_trends_lag' 'tweet_volume_lag'
 'tw_polarity']",10,28,15,200,48,2,0.22425331,0.611965192,0.484057971,0.474637681,0.496376812,0.02173913,<keras.optimizers.optimizer_v2.rmsprop.RMSprop object at 0x2b3750a90>,2,1,
11,"['Label' 'Close' 'Volume' 'Open' 'High' 'Low' 'Change' 'google_trends_lag'
 'tweet_volume_lag' 'tw_polarity']",10,28,15,64,48,1,0.58185923,0.31353072,0.483687943,0.425531915,0.510638298,0.085106383,<keras.optimizers.optimizer_v2.rmsprop.RMSprop object at 0x1772bd370>,1,1,
